,store_id,group,pre,post,dif_pp
0,1,Control,98.14678046716723,108.27252930899719,10.12574884182996
1,2,Treatment,103.11409280180908,100.59146620893387,-2.5226265928752127
2,3,Treatment,106.35692916521445,103.30481868698288,-3.052110478231569
3,4,Treatment,89.38547254415874,107.77925534098836,18.393782796829612
4,5,Control,97.79613998902076,94.10226825903217,-3.6938717299885866
5,6,Control,102.17418967567455,100.22844739606697,-1.945742279607586
6,7,Control,95.76531851851101,98.72667982431838,2.9613613058073724
7,8,Treatment,107.28057003734,100.84105011396757,-6.43951992337243
8,9,Treatment,107.02614025106159,95.87927343295614,-11.146866818105451
9,10,Treatment,95.98144488558887,104.73935163349294,8.757906747904073
10,11,Control,102.07515664182789,102.19974667413783,0.12459003230993915
11,12,Treatment,96.99147569981525,102.85410866034101,5.862632960525758
12,13,Treatment,94.72942735256069,101.56430848806725,6.8348811355065635
13,14,Control,101.53655235103432,95.14326808220025,-6.393284268834066
14,15,Control,106.605955782404,105.7455549527389,-0.860400829665096
15,16,Control,103.13401225767628,92.91095529245719,-10.223056965219087
16,17,Control,115.15428225020601,98.7766310722339,-16.377651177972112
17,18,Treatment,97.89169754307531,104.42364121514417,6.531943672068863
18,19,Control,104.12313382976504,104.2332504936486,0.11011666388355934
19,20,Control,99.3828976829569,99.88986739872088,0.5069697157639865
20,21,Treatment,98.47743180236415,102.47643005277469,3.998998250410537
21,22,Control,104.36572700522666,96.69719639787448,-7.6685306073521815
22,23,Control,103.10781941787079,101.22890203400377,-1.8789173838670195
23,24,Control,97.06849241064816,91.26161356177828,-5.806878848869886
24,25,Control,96.93966083366988,97.73711087072044,0.7974500370505666
25,26,Treatment,87.69636501360942,103.05417870861359,15.357813695004168
26,27,Control,93.42881486545005,94.83958399037483,1.4107691249247836
27,28,Treatment,94.71032914726067,103.22605645927351,8.515727312012842
28,29,Treatment,101.74872597229108,104.34769324183178,2.598967269540694
29,30,Control,108.07795015130743,97.48843875502112,-10.589511396286312
30,31,Treatment,97.7520794281466,110.10528209768873,12.353202669542128
31,32,Control,95.91016639980958,116.89693231633271,20.986765916523126
32,33,Control,90.97760790559451,95.35336365228291,4.375755746688398
33,34,Treatment,96.804960781194,103.15243310737874,6.347472326184743
34,35,Treatment,104.1755400918067,105.83782926409499,1.6622891722882969
35,36,Treatment,108.91199675677885,103.8080147081279,-5.103982048650948
36,37,Control,107.51465153588723,102.05612662302154,-5.458524912865684
37,38,Control,109.50053360115525,103.56240676914938,-5.938126832005878
38,39,Treatment,95.53277591505005,107.15659489493598,11.623818979885925
39,40,Control,114.4596415220079,100.57435903767143,-13.885282484336471
40,41,Control,98.95818418651137,86.52113121567916,-12.437052970832212
41,42,Control,109.90848466467128,97.00692996414982,-12.901554700521459
42,43,Control,96.2114832074205,95.21485946212393,-0.9966237452965743
43,44,Treatment,97.33634764841294,104.06796368246125,6.731616034048315
44,45,Control,90.56438155362096,89.02271571065212,-1.5416658429688397
45,46,Treatment,98.70529558943178,107.19656927726957,8.49127368783779
46,47,Control,96.52662341172825,104.72193554569049,8.195312133962233
47,48,Treatment,105.90877786380733,105.35057347885156,-0.5582043849557721
48,49,Treatment,93.52028633842113,101.78527215857312,8.264985820151992
49,50,Control,89.21106479102056,98.5684747622558,9.357409971235242
50,51,Treatment,99.98344008376736,98.01080114955778,-1.9726389342095842
51,52,Treatment,90.68519263655142,100.57455391126837,9.889361274716947
52,53,Treatment,99.00448497298956,104.44998215385064,5.445497180861082
53,54,Treatment,97.58879585666702,98.99993624546616,1.41114038879914
54,55,Treatment,100.53465194428374,104.56469910599822,4.030047161714478
55,56,Treatment,94.94793406797335,100.26522421445222,5.317290146478868
56,57,Control,93.74149839713449,101.9559916336348,8.214493236500303
57,58,Control,106.24725069559057,97.58849675333606,-8.658753942254506
58,59,Control,113.36347112819305,95.31736115886999,-18.04610996932307
59,60,Control,92.80614759753438,93.6923002667216,0.8861526691872257
60,61,Control,93.05655315149542,104.51072963917859,11.45417648768317
61,62,Control,95.43929515396711,100.42608531220642,4.986790158239316
62,63,Treatment,90.59119437077042,102.40864844321621,11.817454072445784
63,64,Control,106.49427239510544,99.3117562842049,-7.182516110900536
64,65,Control,96.50584477667383,91.88541486677573,-4.6204299098980925
65,66,Treatment,95.4806079833716,102.71686688640963,7.236258903038035
66,67,Control,103.71598571253159,96.0343094146566,-7.681676297874986
67,68,Treatment,107.21497622282557,105.2156828008143,-1.999293422011263
68,69,Control,98.57977781343769,100.64292446877735,2.063146655339665
69,70,Treatment,95.08655261652399,102.10196585197824,7.015413235454247
70,71,Treatment,100.6253784308265,104.64463507021944,4.019256639392935
71,72,Control,104.0043918072619,97.21099847877228,-6.793393328489614
72,73,Control,92.73841808262407,98.96371635576654,6.225298273142471
73,74,Treatment,98.28788424280737,104.97960357838913,6.691719335581766
74,75,Treatment,102.89644990505656,109.95593204152048,7.059482136463927
75,76,Treatment,112.45566399559092,100.67804083050706,-11.777623165083867
76,77,Treatment,104.20757217181446,103.25417192311288,-0.953400248701584
77,78,Control,91.89437168280075,102.5590178429624,10.664646160161652
78,79,Control,103.34917041523208,100.69594437464251,-2.6532260405895727
79,80,Control,105.36109720709801,96.62988104376201,-8.731216163336
80,81,Treatment,103.29113674709757,105.47168285625469,2.1805461091571203
81,82,Treatment,101.55184441831607,110.25511061284794,8.703266194531878
82,83,Control,95.62000529269547,102.92548935559137,7.3054840628959
83,84,Control,103.1992219674499,106.38368125165553,3.18445928420563
84,85,Control,99.95321810464728,113.55965381684766,13.60643571220038
85,86,Control,103.83030309088863,97.80989836663261,-6.020404724256025
86,87,Treatment,99.56614529301271,100.85632156290002,1.2901762698873114
87,88,Treatment,98.9128273999327,104.59728104688038,5.684453646947688
88,89,Treatment,106.65219957949498,105.059261823191,-1.5929377563039822
89,90,Control,93.19483948445675,105.6056132493629,12.410773764906153
90,91,Control,98.09742623715981,101.52182934833266,3.4244031111728503
91,92,Treatment,105.40064013541269,96.31377523854829,-9.086864896864398
92,93,Treatment,100.55458262879199,101.42469814828605,0.870115519494064
93,94,Treatment,96.77626503296993,103.1872873031017,6.411022270131767
94,95,Treatment,96.72551599706293,102.30396243426036,5.578446437197428
95,96,Control,97.74481608243164,109.19264969956025,11.447833617128609
96,97,Treatment,99.02894464068915,101.46770061144792,2.438755970758777
97,98,Control,107.07422706314401,101.35423192204037,-5.719995141103638
98,99,Control,109.08585351926963,98.51869061807527,-10.567162901194365
99,100,Control,104.0705834895602,99.26703914362072,-4.8035443459394855
100,101,Control,101.99170485874944,102.29437344068383,0.30266858193438395
101,102,Treatment,98.91099374126807,105.63768452357604,6.726690782307969
102,103,Control,100.33657671950424,96.62123315762196,-3.7153435618822783
103,104,Treatment,102.2967018047898,105.33753309704218,3.0408312922523777
104,105,Treatment,110.3020174708978,100.99850010303217,-9.303517367865624
105,106,Control,89.03264535396826,106.49993577099244,17.467290417024174
106,107,Control,100.93422096712212,100.07687431451919,-0.8573466526029279
107,108,Treatment,90.28121452735077,103.8165848712669,13.535370343916128
108,109,Control,94.99151567611062,101.05037017833723,6.058854502226609
109,110,Control,95.815991475301,89.2870409366247,-6.528950538676298
110,111,Control,96.95507901195026,96.24743579150204,-0.7076432204482188
111,112,Control,99.04145906771278,89.98292687499101,-9.05853219272177
112,113,Treatment,96.86534221231645,104.04897391525726,7.183631702940815
113,114,Treatment,95.25205006630884,103.08943963533356,7.837389569024722
114,115,Treatment,104.95679018022182,101.246530901202,-3.710259279019823
115,116,Treatment,94.15215947900988,104.51726379829923,10.365104319289344
116,117,Treatment,104.02792815926492,103.92023054134988,-0.1076976179150364
117,118,Control,94.06050902162745,95.09447586930396,1.0339668476765098
118,119,Treatment,90.46590107763055,99.7357798292153,9.269878751584756
119,120,Treatment,107.96326141416417,103.276896525131,-4.686364889033172
120,121,Treatment,96.34825367162095,104.6521954090745,8.303941737453542
121,122,Treatment,100.5900646862885,104.65884880706628,4.068784120777778
122,123,Control,103.37188004881833,95.72566338832841,-7.646216660489912
123,124,Control,94.30060937164683,95.28225466605879,0.9816452944119618
124,125,Control,101.16390793440313,101.37113943561494,0.20723150121180822
125,126,Control,109.09355291124845,91.38484631558896,-17.708706595659493
126,127,Treatment,113.15765846616591,101.30610020608304,-11.851558260082868
127,128,Treatment,101.52830647506778,103.5683052674971,2.0399987924293157
128,129,Control,102.79109436969748,101.08941607450441,-1.7016782951930622
129,130,Treatment,92.12832563432512,109.98360978471405,17.855284150388925
130,131,Control,95.57734315180065,111.75876735950176,16.181424207701113
131,132,Control,99.70196841797983,114.76686596593575,15.064897547955923
132,133,Control,99.47483832244063,94.24721108878647,-5.227627233654161
133,134,Control,103.57518780743403,105.0428664742166,1.467678666782561
134,135,Treatment,93.55997407565772,104.12551680894549,10.56554273328777
135,136,Control,97.04566622340245,93.81527897784497,-3.2303872455574805
136,137,Treatment,99.3064976471611,104.5012647921169,5.194767144955804
137,138,Treatment,112.8319101249524,103.16896977126962,-9.662940353682785
138,139,Control,99.82832500328556,102.25000955036654,2.421684547080986
139,140,Treatment,99.3783523524035,106.77199889645244,7.3936465440489485
140,141,Treatment,99.85716259246153,107.62246525984521,7.765302667383679
141,142,Control,99.56100795567461,97.96242549045117,-1.5985824652234442
142,143,Control,100.72826493802515,102.71622773724421,1.987962799219062
143,144,Control,106.45967246761866,89.6585051154171,-16.80116735220156
144,145,Control,100.95744002677432,104.21937198943021,3.2619319626558934
145,146,Control,99.75368324347484,99.32617251945861,-0.4275107240162299
146,147,Treatment,90.57378800721959,103.24107510305058,12.667287095830986
147,148,Treatment,89.80229963767533,106.21438158213263,16.4120819444573
148,149,Control,98.71022255518697,100.65977508057009,1.9495525253831119
149,150,Control,98.15191453616835,108.27105287371057,10.119138337542225
150,151,Treatment,104.69582479504331,103.56035725866445,-1.1354675363788544
151,152,Control,102.23820981756411,112.70625708818268,10.46804727061857
152,153,Control,104.41793253705882,106.36986564764189,1.9519331105830702
153,154,Control,106.91867014604775,91.02935081918073,-15.88931932686701
154,155,Treatment,105.55758855296631,100.72751326924092,-4.830075283725392
155,156,Control,102.35853773237059,110.34804282012355,7.98950508775296
156,157,Treatment,107.70837596273444,102.60870303454246,-5.099672928191978
157,158,Treatment,105.77964345334108,106.78088753905199,1.0012440857109084
158,159,Control,103.37511864191845,98.1475958805317,-5.227522761386751
159,160,Treatment,97.8378438513067,104.88723683718872,7.049392985882022
160,161,Control,102.92585056909384,96.56168660780013,-6.364163961293713
161,162,Treatment,103.68563451426712,103.52129453578998,-0.16433997847714465
162,163,Treatment,96.35069214113713,98.28031229033674,1.9296201491996072
163,164,Treatment,97.89212949897475,104.83235099696897,6.940221497994216
164,165,Control,103.97330012969924,96.99764233681954,-6.9756577928797014
165,166,Treatment,101.32288653832236,105.76522998463713,4.442343446314766
166,167,Control,95.05073548376781,99.06046311476909,4.009727631001283
167,168,Control,98.72458398850627,89.05637331420245,-9.668210674303822
168,169,Control,100.0667748378926,97.78684569248936,-2.27992914540323
169,170,Treatment,97.18538549348634,106.0367229018016,8.85133740831526
170,171,Treatment,103.59084803059734,103.29716078758531,-0.2936872430120303
171,172,Control,113.36288123511406,102.82326406445577,-10.539617170658289
172,173,Treatment,95.72402460245416,100.86998618346414,5.145961581009971
173,174,Control,101.26185869233856,96.58869250352132,-4.673166188817248
174,175,Treatment,97.98839242792585,100.19423063641793,2.2058382084920822
175,176,Control,97.39870260272137,107.03820877333544,9.63950617061407
176,177,Treatment,101.10853661629399,105.18429148481991,4.0757548685259195
177,178,Control,98.70073638420249,105.3989627195045,6.69822633530201
178,179,Treatment,90.73151631408845,105.87725256303968,15.145736248951224
179,180,Control,95.38218521139677,95.99321939362449,0.6110341822277121
180,181,Control,104.84683462102228,102.05302963709126,-2.7938049839310253
181,182,Control,100.04362061709188,85.43289959396665,-14.610721023125222
182,183,Treatment,105.16016599258947,107.4277522958331,2.2675863032436325
183,184,Treatment,99.62780196119832,104.0838940496058,4.4560920884074875
184,185,Control,108.36216248969558,98.48434518980515,-9.877817299890424
185,186,Treatment,93.71868705683103,104.6119763878686,10.893289331037565
186,187,Treatment,107.49037866293399,102.08600580399941,-5.404372858934579
187,188,Treatment,118.46508361741249,101.1532983052736,-17.311785312138895
188,189,Treatment,101.25727646802011,100.06161454876738,-1.1956619192527285
189,190,Control,96.53595024026133,102.37760595852455,5.841655718263226
190,191,Control,110.29069485584073,98.97175163967425,-11.318943216166474
191,192,Treatment,105.13326785144677,107.02701733297394,1.8937494815271663
192,193,Treatment,99.45297955358191,100.41524723962083,0.9622676860389134
193,194,Treatment,105.62760357299972,102.31324919440426,-3.3143543785954535
194,195,Control,101.42698681251241,98.62721685447887,-2.7997699580335365
195,196,Control,95.64576044717438,101.71086383183803,6.065103384663644
196,197,Treatment,105.28222668303779,103.77581164871603,-1.506415034321762
197,198,Treatment,100.95123151099664,106.60753941417788,5.6563079031812435
198,199,Treatment,91.9293453775935,105.39464182450081,13.465296446907303
199,200,Treatment,99.1982538320697,103.63777003277346,4.439516200703764
200,201,Treatment,95.25575728918518,108.87905886450751,13.62330157532233
201,202,Control,101.47163541901799,89.36852944102284,-12.103105977995142
202,203,Control,104.6865699420687,104.39257978923345,-0.2939901528352493
203,204,Treatment,102.3049560346101,98.94193100000645,-3.363025034603652
204,205,Treatment,96.32752773897371,102.08044939979081,5.752921660817094
205,206,Control,93.35838439362105,98.40967199631937,5.0512876026983236
206,207,Control,105.96296263106629,101.37613155690494,-4.586831074161353
207,208,Treatment,98.77820289055622,102.75194734543683,3.9737444548806167
208,209,Control,95.32814486542244,107.48175732926047,12.15361246383803
209,210,Control,91.4101039579692,102.57602112066047,11.165917162691272
210,211,Treatment,103.13224974935422,107.69352954332348,4.561279793969263
211,212,Treatment,100.96630215591264,104.02216563366842,3.0558634777557785
212,213,Treatment,104.31192551752403,97.40552374250576,-6.906401775018267
213,214,Control,94.1056944541838,101.64026575688993,7.5345713027061265
214,215,Treatment,103.57500224562804,105.53582306213698,1.9608208165089422
215,216,Control,105.41898899498226,93.49342771140915,-11.925561283573103
216,217,Control,106.28887882465952,93.95555470854985,-12.333324116109665
217,218,Treatment,92.65457399283378,102.48010952462077,9.825535531786997
218,219,Treatment,100.87602911608953,106.68293337498525,5.806904258895727
219,220,Treatment,96.8192119854252,105.88160325898419,9.062391273558987
220,221,Treatment,102.89488968321109,105.36204677655753,2.4671570933464437
221,222,Treatment,94.56314149410755,110.58340101500922,16.02025952090166
222,223,Control,103.62455944664657,103.92859810576635,0.304038659119783
223,224,Control,100.97446794072619,98.52586688392219,-2.4486010568039944
224,225,Control,101.07601448654498,114.21341502818015,13.137400541635174
225,226,Control,99.21962737436365,98.48104848115499,-0.7385788932086683
226,227,Treatment,113.61757337325601,103.70791080213428,-9.909662571121729
227,228,Control,100.71037102095303,99.62202569831489,-1.0883453226381476
228,229,Treatment,93.95984040271584,103.92264600778458,9.962805605068738
229,230,Treatment,103.02165477851725,105.49820671129089,2.4765519327736456
230,231,Treatment,103.10119932564437,105.79617704325975,2.694977717615373
231,232,Treatment,95.61017122228567,101.64615422162288,6.035982999337207
232,233,Treatment,107.20448015388452,104.79133280301414,-2.413147350870375
233,234,Control,96.90348081040733,92.53461287902144,-4.368867931385893
234,235,Control,103.56779576048996,90.78124376956987,-12.786551990920088
235,236,Treatment,93.5747271755188,101.27097013190937,7.696242956390563
236,237,Control,91.26654896141193,96.31153341622057,5.044984454808642
237,238,Control,93.1270352226862,97.410233869533,4.283198646846799
238,239,Treatment,100.46382546563369,105.18748957894027,4.723664113306583
239,240,Control,105.7048528856853,97.95494865256171,-7.749904233123587
240,241,Treatment,104.82525778281688,107.08272484018566,2.2574670573687854
241,242,Treatment,95.74105040920543,98.73099822360254,2.9899478143971123
242,243,Treatment,101.78215568440703,98.44225811543245,-3.3398975689745782
243,244,Control,100.31007417819856,91.69339742818495,-8.61667675001361
244,245,Control,105.79764665581217,96.28618118423529,-9.511465471576884
245,246,Treatment,106.91139100852465,106.53648979164745,-0.37490121687719125
246,247,Control,97.54252097173921,102.3794968454092,4.836975873669985
247,248,Treatment,99.45918102217237,103.47043429902094,4.011253276848564
248,249,Treatment,109.72542519547957,101.35423797755412,-8.371187217925453
249,250,Treatment,93.36095549247456,109.08091761176698,15.719962119292418
250,251,Control,96.30857187657384,94.17772214946464,-2.1308497271091937
251,252,Control,99.05517137837943,94.79572783955733,-4.259443538822097
252,253,Treatment,99.77334290021533,109.15989176224976,9.38654886203443
253,254,Control,92.07574743676409,108.20637726106108,16.13062982429699
254,255,Control,104.27921941749064,105.16904088893428,0.8898214714436392
255,256,Treatment,107.34246507495274,104.56035016370166,-2.7821149112510852
256,257,Treatment,98.68994458861596,108.04113631415001,9.35119172553405
257,258,Treatment,103.60106821504019,107.02950983036654,3.4284416153263493
258,259,Treatment,101.46924253518061,106.05170777527731,4.582465240096695
259,260,Control,105.56126637715863,96.43774506627194,-9.123521310886687
260,261,Treatment,104.80784029642098,103.7449773283173,-1.0628629681036728
261,262,Treatment,101.22143287316717,109.06916668974193,7.84773381657476
262,263,Control,97.197100220652,109.49188330372121,12.294783083069206
263,264,Treatment,97.94743734354059,109.126301617763,11.17886427422242
264,265,Treatment,100.49841505417447,103.73645898076715,3.238043926592681
265,266,Treatment,103.752045177876,104.10322929760125,0.35118411972524655
266,267,Treatment,96.48280125190144,99.15504729875389,2.6722460468524503
267,268,Treatment,88.8493440084012,102.77619564739322,13.92685163899202
268,269,Control,91.0103256707904,96.25554600767302,5.245220336882625
269,270,Control,98.96928309879436,101.5887707432692,2.6194876444748303
270,271,Treatment,91.05298302275949,109.51821547207844,18.465232449318947
271,272,Treatment,97.6121473122662,105.6500751784207,8.037927866154504
272,273,Treatment,106.18938702966298,101.40493397326152,-4.7844530564014605
273,274,Treatment,102.87747522928687,99.80877889680106,-3.068696332485814
274,275,Treatment,98.79779666116569,97.66859207169274,-1.1292045894729483
275,276,Treatment,106.18991568419047,102.6060061857257,-3.583909498464763
276,277,Treatment,104.93579401026973,104.95452922020161,0.01873520993187583
277,278,Treatment,108.98425419497701,101.93637325746599,-7.0478809375110245
278,279,Treatment,102.93753633561064,104.69188237824555,1.7543460426349071
279,280,Treatment,91.47013522544646,103.98916482098998,12.519029595543529
280,281,Treatment,99.2594365857227,104.04399009696127,4.78455351123857
281,282,Control,102.97851645995074,100.89016473467471,-2.088351725276027
282,283,Control,99.54706172833406,101.12274646341952,1.57568473508546
283,284,Control,103.23968016086064,94.12855166843399,-9.111128492426658
284,285,Treatment,93.84554329312502,103.40777744538067,9.562234152255655
285,286,Control,89.4763063205536,103.46255917146982,13.986252850916216
286,287,Control,89.13165226934184,100.60601521300057,11.474362943658733
287,288,Treatment,105.23987788931024,105.48222862488191,0.24235073557167652
288,289,Control,109.20368647034829,104.65314210912189,-4.5505443612264
289,290,Treatment,101.86258357008121,102.42698177084571,0.5643982007645008
290,291,Control,108.99382399123219,104.90983857004476,-4.083985421187435
291,292,Control,101.4485473528777,92.25106070180037,-9.197486651077327
292,293,Treatment,98.96541047765918,107.03107673579814,8.065666258138961
293,294,Control,97.1657710959025,103.46848854042818,6.302717444525683
294,295,Control,94.19656792436942,89.94575973691727,-4.250808187452151
295,296,Treatment,101.8099899594736,105.25300615710592,3.4430161976323177
296,297,Treatment,94.69288705730858,106.97261961963484,12.27973256232626
297,298,Control,97.60464179189805,97.00042878120674,-0.6042130106913106
298,299,Treatment,101.42172820946011,100.23275021091376,-1.1889779985463491
299,300,Control,104.34780922326051,102.29591944528877,-2.0518897779717378
300,301,Control,105.46272671879531,92.3442305678249,-13.118496150970415
301,302,Treatment,97.22431231853615,105.90326383629329,8.678951517757142
302,303,Treatment,104.2528211796166,102.22703942296864,-2.025781756647959
303,304,Treatment,102.43323267802933,96.8404955995374,-5.592737078491922
304,305,Treatment,101.61384173190142,102.13041800641984,0.5165762745184281
305,306,Treatment,95.48009591355715,103.22996208469928,7.749866171142131
306,307,Treatment,103.53872117290015,106.0779335509317,2.53921237803155
307,308,Control,102.83464380175046,102.33980962717673,-0.49483417457372525
308,309,Treatment,110.71833579181164,95.11716168703363,-15.60117410477801
309,310,Control,95.35122806354362,100.69195864939499,5.340730585851375
310,311,Control,99.3852366298129,99.6160010278804,0.2307643980675067
311,312,Control,103.32687666446088,107.77771179475982,4.450835130298941
312,313,Control,103.30094061096547,103.77590174821175,0.4749611372462823
313,314,Treatment,101.26729094098616,104.95665693919011,3.6893659982039537
314,315,Treatment,101.51009843240989,105.93670642617539,4.426607993765501
315,316,Treatment,94.01365115636638,104.53891555511647,10.525264398750096
316,317,Control,101.73369521246056,103.63839916244316,1.9047039499826042
317,318,Control,99.6168580206627,99.79142061582132,0.17456259515861916
318,319,Control,104.97824794488119,97.10052268206984,-7.877725262811353
319,320,Control,95.15061491955812,97.84622218861729,2.695607269059167
320,321,Treatment,102.52128135639327,98.73845374388834,-3.7828276125049314
321,322,Treatment,103.33898944195228,103.29636018406185,-0.042629257890425265
322,323,Treatment,101.88857313048482,104.60520722154585,2.7166340910610387
323,324,Control,102.69160098307421,107.79546489413876,5.1038639110645505
324,325,Treatment,87.23333074627531,109.68749774149872,22.454166995223403
325,326,Treatment,104.57333629192196,102.59126676700609,-1.9820695249158717
326,327,Treatment,94.7605056714903,103.58370567507795,8.823200003587658
327,328,Treatment,110.97511396342846,104.96490870590208,-6.01020525752638
328,329,Control,110.21433619058982,93.12534054296685,-17.088995647622966
329,330,Control,99.44222209509516,94.48299537851895,-4.959226716576211
330,331,Control,108.02959065583138,98.6326063114295,-9.396984344401886
331,332,Treatment,99.25334292989436,99.84557691548586,0.5922339855915055
332,333,Control,103.50160638764268,105.01105400698466,1.5094476193419837
333,334,Control,99.67907599010528,97.57848747822872,-2.100588511876552
334,335,Control,98.8741957063128,102.98431365812414,4.110117951811333
335,336,Control,99.62050083310739,110.80139678954697,11.180895956439585
336,337,Treatment,99.36027375952183,105.68200858769038,6.321734828168545
337,338,Treatment,102.52068704440202,102.79954831843361,0.2788612740315841
338,339,Control,102.3150189085536,102.85720883373726,0.5421899251836635
339,340,Control,98.61867169970319,99.9833411915467,1.3646694918435145
340,341,Control,100.31722459056348,98.93142151444687,-1.3858030761166162
341,342,Control,103.65359260461028,99.3313624724174,-4.322230132192885
342,343,Control,108.46562791269476,98.72935567484366,-9.736272237851097
343,344,Control,94.76619937001645,100.10613732533412,5.339937955317666
344,345,Control,102.54401494368456,103.80522942480941,1.2612144811248527
345,346,Treatment,100.57990028956445,105.59374247892006,5.013842189355614
346,347,Treatment,95.64953513749604,102.90285668110684,7.253321543610795
347,348,Control,101.14110335000824,98.79688232120148,-2.344221028806757
348,349,Control,92.70599257098063,107.25207248889896,14.546079917918334
349,350,Treatment,103.02736515430104,104.85684407449165,1.8294789201906099
350,351,Treatment,99.09054943332914,101.99562587209881,2.905076438769669
351,352,Treatment,104.95500529272121,99.76530194106714,-5.1897033516540745
352,353,Treatment,97.98926243018525,108.45020362979042,10.460941199605173
353,354,Control,105.20503454220848,108.06672648892149,2.861691946713009
354,355,Control,97.60718591936771,101.63450767847588,4.027321759108176
355,356,Treatment,95.606896582957,103.48507299170942,7.8781764087524095
356,357,Control,103.51890171346994,100.57493408646421,-2.9439676270057333
357,358,Treatment,98.07507052012026,102.12044905304147,4.045378532921205
358,359,Treatment,101.30075410200395,102.6585929692465,1.357838867242549
359,360,Treatment,96.55070567158175,103.98369526066126,7.4329895890795115
360,361,Control,98.49253294345887,98.58453081001561,0.09199786655673847
361,362,Treatment,111.02302959027354,107.82134374018639,-3.201685850087145
362,363,Control,98.22755365281549,96.219993487055,-2.0075601657604807
363,364,Treatment,97.90194446302937,105.21019109034327,7.308246627313906
364,365,Treatment,100.61644980447767,106.2005478335207,5.584098029043034
365,366,Control,99.65025366405447,99.26223378172551,-0.3880198823289618
366,367,Treatment,99.78885088195503,103.22199515082009,3.433144268865064
367,368,Treatment,102.35432390440396,100.93716126046914,-1.417162643934816
368,369,Control,97.28968281541661,104.55232942963656,7.262646614219946
369,370,Control,107.3162090395173,97.70335530294867,-9.612853736568638
370,371,Control,98.88100936020892,87.37433764218143,-11.50667171802749
371,372,Control,96.68743247811547,98.15761442789156,1.4701819497760908
372,373,Control,103.02891182763365,93.58771644899542,-9.441195378638227
373,374,Treatment,104.99308073110228,108.02030431749199,3.0272235863897095
374,375,Control,101.4913694492383,100.7322375242713,-0.7591319249670079
375,376,Control,94.71584017976856,96.91697125192363,2.2011310721550643
376,377,Treatment,92.75333864060732,105.08404874298472,12.330710102377395
377,378,Control,91.82867178575906,100.54951192462983,8.72084013887077
378,379,Treatment,101.70086149310768,106.2554245755914,4.554563082483725
379,380,Control,103.91983115403669,104.39417906460862,0.4743479105719359
380,381,Control,105.3162637534887,101.57218076168854,-3.7440829918001555
381,382,Treatment,95.88219053596426,100.16276870502453,4.280578169060277
382,383,Treatment,93.35303807221365,104.25681520876913,10.903777136555476
383,384,Treatment,104.86707409412074,106.3904803401199,1.5234062459991549
384,385,Treatment,106.19663314789652,100.9250242562988,-5.271608891597722
385,386,Treatment,98.65655909201772,107.13588977147433,8.47933067945661
386,387,Control,93.57797965866978,102.27931706839958,8.701337409729803
387,388,Control,97.51780115837582,102.89557710051065,5.377775942134832
388,389,Treatment,97.30944579593982,104.26965155728253,6.960205761342706
389,390,Treatment,93.14786789576178,106.2127812839806,13.064913388218827
390,391,Treatment,104.81143706366186,102.7704585750823,-2.0409784885795546
391,392,Control,103.48012404829362,100.9892511684216,-2.4908728798720148
392,393,Control,106.7255521801839,95.25968638759299,-11.465865792590904
393,394,Treatment,98.41263573102509,100.76876482421257,2.3561290931874765
394,395,Control,103.27429391464575,100.4814771290186,-2.792816785627153
395,396,Treatment,107.86734657348813,101.10700575826539,-6.760340815222747
396,397,Treatment,107.54110081093299,100.04218499933478,-7.498915811598209
397,398,Control,89.26618337125167,94.36810994804014,5.101926576788472
398,399,Treatment,86.61302343850011,104.46098259755736,17.847959159057254
399,400,Treatment,87.70699111417302,100.32997095735983,12.622979843186812
400,401,Control,91.75426627839009,96.75962359139855,5.00535731300846
401,402,Treatment,105.43561058629318,103.60898038032329,-1.8266302059698916
402,403,Treatment,104.13041481453975,103.78209557379087,-0.34831924074887866
403,404,Treatment,93.67563774271608,108.18081890405549,14.505181161339408
404,405,Control,97.06177870242774,107.87941818068657,10.817639478258826
405,406,Treatment,100.05559325833431,104.37114984922376,4.315556590889443
406,407,Control,102.7533706875416,98.5958940129668,-4.157476674574809
407,408,Control,92.2983406645517,103.39973782957834,11.10139716502664
408,409,Treatment,96.08005486666269,102.77143649357474,6.691381626912047
409,410,Control,97.78624252654262,97.06742448387988,-0.7188180426627468
410,411,Control,106.4438302470405,104.42174157052871,-2.0220886765117854
411,412,Treatment,96.62819388913017,105.36004665036535,8.731852761235174
412,413,Treatment,103.60031496985161,104.85546934397978,1.2551543741281677
413,414,Treatment,100.47602865654662,102.84478962103056,2.36876096448394
414,415,Treatment,100.67562444266609,104.31709427069661,3.641469828030523
415,416,Control,103.24954062775348,104.27176159702931,1.0222209692758355
416,417,Control,99.36718492583198,97.84916755271489,-1.5180173731170896
417,418,Control,101.77478265466766,97.66634162249973,-4.108441032167931
418,419,Treatment,99.88115534418985,105.46086883908215,5.579713494892303
419,420,Treatment,99.77790241848624,105.3110190358642,5.533116617377971
420,421,Treatment,105.12461827971265,100.95216269245152,-4.172455587261126
421,422,Treatment,108.53251494780811,104.28742170866583,-4.245093239142278
422,423,Control,100.41925103355327,90.06763654734122,-10.351614486212043
423,424,Control,95.21099403713558,102.38327017445093,7.17227613731535
424,425,Control,99.22080759370803,103.53238678285956,4.31157918915153
425,426,Treatment,101.26971079040571,103.05419718812834,1.784486397722631
426,427,Control,87.88696204583678,104.37041569268501,16.483453646848233
427,428,Treatment,105.33549381159585,105.8359026961693,0.5004088845734458
428,429,Control,112.43172236042912,95.90838910672399,-16.523333253705133
429,430,Control,96.0263184503028,99.6500687996908,3.623750349388004
430,431,Control,98.04612496301246,101.5813612770293,3.535236314016842
431,432,Treatment,108.83310345374225,103.18013654415195,-5.652966909590305
432,433,Treatment,98.86162273320164,99.24908109105692,0.38745835785528016
433,434,Control,100.84814923553495,106.43887122305371,5.590721987518762
434,435,Control,92.9504302666854,104.1537727166706,11.2033424499852
435,436,Treatment,106.9370695454603,106.06044824778314,-0.8766212976771612
436,437,Control,92.19003654536648,91.22984664810733,-0.9601898972591556
437,438,Treatment,97.98628032105812,100.27957432353094,2.2932940024728197
438,439,Treatment,100.86312640885372,103.11595391278506,2.252827503931343
439,440,Control,98.65598454827423,111.15986459650048,12.50388004822625
440,441,Control,94.40513602368831,95.5374524499083,1.1323164262199867
441,442,Treatment,95.1687469324443,105.18816616231155,10.019419229867253
442,443,Control,95.47560024776904,96.57881189031193,1.1032116425428882
443,444,Control,99.22826486262905,93.90589893015914,-5.322365932469907
444,445,Treatment,97.00378216420438,106.03773737888991,9.033955214685534
445,446,Treatment,98.07954737761801,104.51965451256788,6.440107134949869
446,447,Treatment,96.15520571925782,103.79131251549693,7.636106796239105
447,448,Treatment,107.7021364991031,106.03738966944775,-1.664746829655357
448,449,Control,95.07602073097556,108.46501041565539,13.388989684679828
449,450,Control,106.37954082914874,99.0452921551313,-7.334248674017431
450,451,Treatment,99.85224177152102,108.64519146014882,8.7929496886278
451,452,Treatment,108.10590209913487,98.76621832350924,-9.33968377562563
452,453,Control,98.59813778144685,97.97332361498617,-0.6248141664606806
453,454,Treatment,97.32084089384307,104.268914939559,6.948074045715927
454,455,Control,107.13714670369714,107.70403751483639,0.5668908111392454
455,456,Control,108.95726291727817,94.85509900531865,-14.102163911959522
456,457,Control,94.32551491360393,98.39702082183126,4.071505908227337
457,458,Control,90.89943108969725,95.30482198154476,4.405390891847517
458,459,Control,106.494438654445,96.72009950102266,-9.774339153422346
459,460,Control,101.16322324032534,105.87525608660299,4.712032846277651
460,461,Control,101.51960110470199,95.04161595632846,-6.477985148373534
461,462,Treatment,99.69048220464654,106.79092255632432,7.100440351677776
462,463,Treatment,100.67044061637118,106.42047800431355,5.7500373879423705
463,464,Treatment,103.09330718842992,109.4740599657099,6.38075277727998
464,465,Treatment,96.09512220868694,105.039956647418,8.94483443873105
465,466,Control,114.09996848817028,100.8909983273451,-13.208970160825174
466,467,Control,94.75463110220694,103.3863858884785,8.631754786271557
467,468,Treatment,83.60810543912363,101.91663808294751,18.30853264382388
468,469,Control,90.89756316491956,106.55467271588165,15.65710955096209
469,470,Treatment,98.01494920521932,101.29001028020464,3.2750610749853166
470,471,Control,101.8337983552133,109.08394806355193,7.2501497083386255
471,472,Treatment,107.44012759407099,106.1602351548122,-1.2798924392587878
472,473,Control,104.31276927517983,94.53723178198462,-9.775537493195216
473,474,Treatment,104.3916474096546,103.99306616446135,-0.3985812451932418
474,475,Treatment,101.20677596874108,108.48331385575682,7.276537887015735
475,476,Treatment,96.91241100950745,102.26133339712044,5.348922387612987
476,477,Control,107.39470300082303,98.64670218340214,-8.748000817420888
477,478,Treatment,96.17743498511982,105.08483774155009,8.907402756430272
478,479,Treatment,112.50243906522682,103.19361189707259,-9.308827168154238
479,480,Treatment,96.74987079004794,103.25449430475128,6.50462351470334
480,481,Treatment,102.77537102379844,103.14606872978636,0.3706977059879222
481,482,Treatment,99.60816623291612,107.16001606817,7.551849835253876
482,483,Control,101.87438104191031,95.90077446574428,-5.973606576166034
483,484,Treatment,101.17026421990258,102.56978410583415,1.3995198859315678
484,485,Treatment,99.09847424403729,105.18379779837237,6.085323554335076
485,486,Treatment,106.076319948331,104.14470627564856,-1.9316136726824453
486,487,Control,95.54204297551925,108.26550105044446,12.723458074925205
487,488,Control,90.89870768927658,96.77866346195485,5.879955772678272
488,489,Treatment,100.11752556107378,104.39684432424966,4.27931876317588
489,490,Treatment,92.7612533368709,106.74131923101258,13.980065894141688
490,491,Control,106.1875473699196,105.75546022661801,-0.4320871433015867
491,492,Treatment,103.32404125078563,107.2446532293236,3.920611978537977
492,493,Control,98.7524091280925,97.94451250917591,-0.8078966189165868
493,494,Control,101.14296128515691,103.36226715636012,2.219305871203204
494,495,Control,99.5610851532716,101.37621719745717,1.8151320441855603
495,496,Control,98.78848138348744,106.50598482466303,7.7175034411755945
496,497,Treatment,93.85150434246125,104.28864866548058,10.437144323019325
497,498,Control,90.27527381245525,102.41965386200052,12.144380049545262
498,499,Treatment,91.42149156300287,101.28426649372736,9.862774930724484
499,500,Treatment,102.21754036765466,103.50193356168992,1.2843931940352604
500,501,Treatment,99.63995079766605,104.68608468859756,5.0461338909315145
501,502,Treatment,109.12090364793225,105.36951370187334,-3.7513899460589073
502,503,Control,100.35832953427584,85.63205272196237,-14.726276812313472
503,504,Treatment,93.65725989468028,103.0133283626814,9.356068468001126
504,505,Treatment,96.66522175843532,99.40764947385037,2.7424277154150474
505,506,Control,93.33420066961637,104.0218646170766,10.687663947460237
506,507,Treatment,101.86574076344836,104.03287404816847,2.1671332847201086
507,508,Treatment,98.54285552600103,102.74319761709928,4.20034209109825
508,509,Treatment,87.90576046532185,103.80309816644258,15.897337701120733
509,510,Treatment,96.6564749498602,103.82017938467023,7.163704434810029
510,511,Treatment,100.23495220612087,101.93201706713934,1.6970648610184753
511,512,Control,96.58213278607016,91.6327455321369,-4.949387253933267
512,513,Treatment,99.85716192462795,102.52143991906516,2.6642779944372137
513,514,Treatment,101.80510793598991,103.3829219144404,1.577813978450493
514,515,Control,97.27033366696418,86.9320739066368,-10.338259760327375
515,516,Control,107.1912087320803,98.39200545330615,-8.799203278774144
516,517,Control,100.31042377358247,99.49694533171697,-0.8134784418654988
517,518,Treatment,95.46814651623063,102.5707988962351,7.102652380004471
518,519,Treatment,99.68848338440253,103.51973009312269,3.8312467087201583
519,520,Control,102.31779293787814,98.80873391914743,-3.50905901873071
520,521,Treatment,110.87082397608287,106.99191695840395,-3.8789070176789266
521,522,Control,103.22199563297131,105.27108561002349,2.0490899770521764
522,523,Treatment,99.63756294037769,105.65782577229484,6.020262831917151
523,524,Treatment,101.66307666654406,105.13934482082735,3.4762681542832894
524,525,Treatment,111.21710252748751,102.66956562702778,-8.547536900459733
525,526,Control,101.32389706251531,94.76986246209682,-6.55403460041849
526,527,Control,97.52684985617705,107.59731370514048,10.070463848963428
527,528,Control,99.1363763036883,106.04313734734448,6.906761043656189
528,529,Control,96.83024290250356,98.85539501690941,2.0251521144058557
529,530,Treatment,93.91772879111996,101.89002314227828,7.972294351158325
530,531,Treatment,95.41686338511485,105.76212998789003,10.345266602775183
531,532,Treatment,103.57050851772802,105.32505306978831,1.7545445520602954
532,533,Treatment,96.66198659919311,110.3872300749484,13.725243475755292
533,534,Treatment,98.40030336256939,106.16169699916202,7.761393636592629
534,535,Treatment,97.27058281611205,103.22524565844776,5.954662842335708
535,536,Treatment,102.52951185918887,101.6656560184353,-0.8638558407535726
536,537,Treatment,96.22112736063409,101.69686715286028,5.475739792226193
537,538,Control,100.1488612453802,93.46239914059824,-6.686462104781967
538,539,Control,99.9207040838444,104.84058154069956,4.919877456855161
539,540,Control,107.2599043426577,106.17709974970569,-1.0828045929520158
540,541,Treatment,98.59672365155949,105.39683566080028,6.800112009240792
541,542,Treatment,98.05202590074592,103.4446124203727,5.392586519626789
542,543,Control,94.90930541677876,101.78090350429986,6.871598087521093
543,544,Treatment,108.58906742159029,99.18539828087383,-9.40366914071646
544,545,Treatment,106.47562593395796,104.1697482268191,-2.305877707138862
545,546,Control,94.86870517775023,102.16881405211136,7.300108874361129
546,547,Control,91.6499837166485,108.57256898645024,16.92258526980173
547,548,Treatment,96.6215324406482,103.98290777464968,7.36137533400148
548,549,Treatment,106.09211958153196,102.44622356754451,-3.6458960139874534
549,550,Treatment,103.75772336381272,103.81311840572582,0.055395041913101295
550,551,Treatment,100.0374752877659,102.6248773568665,2.587402069100605
551,552,Treatment,93.40596100804161,105.48246211705661,12.076501109014998
552,553,Treatment,100.39829470638631,103.91631149937385,3.518016792987538
553,554,Treatment,96.21450659171146,104.64204742218404,8.42754083047258
554,555,Treatment,100.20159793728038,104.57721030811688,4.3756123708364925
555,556,Control,99.84648168306926,100.40692598980704,0.5604443067377787
556,557,Control,91.5854825518553,93.21449496472975,1.6290124128744452
557,558,Control,95.5789437947835,102.96248101009496,7.383537215311463
558,559,Treatment,100.2026843450947,105.58682744126752,5.384143096172821
559,560,Treatment,89.61586575288423,104.06336504249536,14.44749928961113
560,561,Treatment,102.17014753182033,104.16898383506313,1.998836303242797
561,562,Control,97.87196575440616,109.8122612563828,11.940295501976635
562,563,Control,101.62759658262773,104.26843062605656,2.640834043428825
563,564,Control,101.87118713623398,111.11879425960373,9.247607123369747
564,565,Control,99.75475196755201,96.78325423345238,-2.9714977340996285
565,566,Treatment,100.20185391312351,103.20617666122969,3.0043227481061763
566,567,Control,102.71845248413236,109.09277545769217,6.3743229735598135
567,568,Control,111.89265070471993,104.62224300190435,-7.270407702815575
568,569,Treatment,91.6616567730677,102.13877727183778,10.477120498770077
569,570,Control,104.40356816108454,104.25271610734947,-0.15085205373506483
570,571,Treatment,98.51245327548365,100.59730517092532,2.0848518954416733
571,572,Treatment,102.26573317298015,109.9634856096629,7.697752436682748
572,573,Control,100.24246679155355,94.58191098228346,-5.660555809270093
573,574,Treatment,95.55691097169743,96.53117742130756,0.974266449610127
574,575,Treatment,92.53652572021981,100.4662054326516,7.929679712431792
575,576,Treatment,98.63724742199808,104.44393746206508,5.8066900400669965
576,577,Control,88.88571778129081,112.03334362225038,23.147625840959577
577,578,Treatment,102.14573365314222,102.63054508637644,0.4848114332342277
578,579,Control,88.64462496558153,96.36431687160427,7.719691906022746
579,580,Control,97.49970747475876,100.12871703913065,2.6290095643718843
580,581,Control,94.47746059624181,107.25072992039995,12.773269324158136
581,582,Treatment,98.77259054036826,105.29391970324272,6.521329162874466
582,583,Control,104.5783971439319,101.2117131631123,-3.3666839808196016
583,584,Control,97.36301949385964,98.26137241359156,0.89835291973192
584,585,Treatment,102.75605665784136,105.17238770643863,2.4163310485972715
585,586,Control,116.43323028398353,98.74597866100632,-17.687251622977215
586,587,Control,96.7867320999,102.0066032319136,5.219871132013608
587,588,Control,95.85659051194743,102.6758150402541,6.819224528306663
588,589,Control,107.78297979969193,94.89941837329427,-12.883561426397662
589,590,Control,97.37403791029774,98.87664034516112,1.5026024348633769
590,591,Control,102.79423765342324,115.074937658272,12.280700004848768
591,592,Treatment,101.91673184389599,102.36087321807004,0.44414137417405186
592,593,Control,96.1172932072161,106.29956921829462,10.182276011078528
593,594,Control,97.24922366885141,107.51137228892476,10.262148620073347
594,595,Treatment,101.05764417812551,106.14621417036444,5.088569992238931
595,596,Control,106.14366702012379,96.5481409495262,-9.595526070597586
596,597,Treatment,95.51105718210394,101.95695211948119,6.445894937377247
597,598,Control,104.56572494435127,94.98285811750105,-9.582866826850221
598,599,Control,96.37816211370995,101.89457043083584,5.516408317125894
599,600,Control,84.40744681058413,102.13678416921927,17.729337358635135
600,601,Control,102.09266951913685,99.84880338100675,-2.2438661381301017
601,602,Control,93.16081569306485,97.21312446968318,4.052308776618332
602,603,Control,96.74110340780629,106.84163679645476,10.100533388648472
603,604,Control,92.38386329292656,101.40258414166917,9.018720848742603
604,605,Control,103.18062691412169,105.54690215052979,2.3662752364081
605,606,Control,101.0909767758606,103.818575708692,2.7275989328313983
606,607,Control,90.42316551805983,97.82129551077202,7.398129992712185
607,608,Control,112.94734641434789,98.90566324265725,-14.041683171690636
608,609,Treatment,100.63869392606053,103.9136673766966,3.274973450636068
609,610,Treatment,93.24084049295607,103.32544980109276,10.084609308136692
610,611,Control,97.84027172650917,98.8924132649307,1.0521415384215231
611,612,Treatment,104.3751458441324,103.28029942862379,-1.0948464155086128
612,613,Treatment,100.99451369882932,100.420661890981,-0.5738518078483281
613,614,Control,99.6133053200968,95.53349688382018,-4.079808436276622
614,615,Treatment,103.51779749294175,99.81354660398081,-3.7042508889609422
615,616,Treatment,81.53967215721056,102.6295167828387,21.089844625628146
616,617,Control,99.1582789858983,103.10974355419712,3.9514645682988174
617,618,Control,104.01671465317914,91.82006156648299,-12.196653086696145
618,619,Treatment,99.11868303344,106.47459989807396,7.355916864633954
619,620,Treatment,99.35729545044288,104.03389666457983,4.6766012141369515
620,621,Control,101.38379205467882,103.71383653517425,2.330044480495431
621,622,Control,93.99932805095963,111.44731789841174,17.447989847452106
622,623,Control,101.19904171740605,94.23520191078453,-6.963839806621522
623,624,Control,106.41097824364508,94.99477558438386,-11.416202659261216
624,625,Treatment,104.70012122876548,103.88152970595131,-0.8185915228141738
625,626,Control,101.49854953962145,95.64614700651222,-5.8524025331092275
626,627,Control,96.96313674583489,101.16150722533992,4.19837047950503
627,628,Treatment,107.90145861143756,101.33483613034034,-6.566622481097227
628,629,Control,106.26992958915166,98.5507257023875,-7.719203886764163
629,630,Control,95.3010961350044,91.66290001997619,-3.638196115028208
630,631,Treatment,99.07343478072642,104.82125661237095,5.747821831644529
631,632,Treatment,103.41623677815785,103.02661566693148,-0.38962111122637566
632,633,Treatment,92.62299175748464,103.30412419099028,10.681132433505638
633,634,Treatment,102.6325052005999,109.05707644645122,6.424571245851325
634,635,Control,97.9545711395038,103.61472219911616,5.66015105961236
635,636,Control,94.9080606100936,95.35136051119704,0.44329990110344397
636,637,Treatment,91.56134828858208,105.53886976934939,13.977521480767308
637,638,Control,99.26989881640867,99.74548182142306,0.47558300501438566
638,639,Control,103.93400975912566,101.24483621737652,-2.689173541749142
639,640,Control,97.16989626815148,102.57246102383665,5.402564755685177
640,641,Control,101.48559422647364,113.4107803204834,11.92518609400976
641,642,Control,97.261541292618,93.79789900379676,-3.463642288821248
642,643,Control,102.92231465252796,105.8475414747173,2.9252268221893445
643,644,Control,101.69499139641687,100.96058272960532,-0.7344086668115466
644,645,Control,93.47153762783074,90.39238784418963,-3.079149783641114
645,646,Treatment,114.41566529809363,105.68318289833655,-8.732482399757075
646,647,Treatment,93.89934459012939,103.44938921796586,9.55004462783647
647,648,Treatment,92.20607215572089,100.5815014034401,8.375429247719211
648,649,Treatment,92.22838228733528,104.13022563505857,11.901843347723286
649,650,Control,101.11708991436382,97.74738252792581,-3.3697073864380087
650,651,Control,103.47953453047762,89.50889481639513,-13.970639714082495
651,652,Treatment,100.79632234355634,104.58473452291685,3.788412179360506
652,653,Treatment,99.73865710318366,104.6530681169924,4.914411013808746
653,654,Treatment,98.45290586807131,107.53335840311873,9.080452535047414
654,655,Control,98.80028727115499,97.36486218119708,-1.4354250899579029
655,656,Control,102.59189518950684,103.49811273659245,0.9062175470856033
656,657,Control,102.31066657244824,96.02848719636327,-6.282179376084969
657,658,Control,97.19043552332721,101.68387549654405,4.493439973216837
658,659,Treatment,97.7748054587633,107.76763955637261,9.992834097609318
659,660,Treatment,94.0670439422454,102.70958468401713,8.642540741771725
660,661,Control,96.6128229890848,89.26522338437898,-7.34759960470582
661,662,Treatment,91.034126513796,102.34585122194167,11.311724708145675
662,663,Treatment,98.18777483950868,105.53143369006075,7.343658850552075
663,664,Control,101.80357867888077,107.70593709504203,5.902358416161263
664,665,Control,100.65410183542049,103.20448870674576,2.550386871325273
665,666,Control,107.8716180467829,106.44028301917915,-1.431335027603751
666,667,Control,103.96967142330573,100.67787633280959,-3.2917950904961373
667,668,Control,106.47597545906561,104.27711848296534,-2.1988569761002736
668,669,Control,101.87505947541958,105.49032237002912,3.6152628946095433
669,670,Control,94.12855181157555,97.70851235644906,3.579960544873515
670,671,Control,92.65341696447899,105.5384574129165,12.885040448437508
671,672,Treatment,101.42472961404488,103.42959687599841,2.0048672619535353
672,673,Control,104.04215009113439,99.23053844398723,-4.81161164714716
673,674,Treatment,95.55853941772833,105.00612581070591,9.447586392977584
674,675,Control,99.83408752259385,107.57092949235816,7.736841969764313
675,676,Treatment,99.18211504433535,105.53065588430385,6.348540839968507
676,677,Control,100.3043517781235,97.36887850221754,-2.935473275905963
677,678,Control,104.60578264836212,98.27486771686888,-6.33091493149324
678,679,Treatment,99.29092187420004,103.90463394250924,4.613712068309198
679,680,Treatment,97.06028588528098,103.96857884384414,6.908292958563166
680,681,Treatment,88.07666019066315,107.21549355610038,19.138833365437236
681,682,Control,104.09347838179444,106.12775156390353,2.0342731821090894
682,683,Control,96.8334229510531,106.83033094429159,9.996907993238494
683,684,Treatment,100.11114979238813,101.76585744788436,1.6547076554962246
684,685,Treatment,93.87237050178074,97.37797032894693,3.5055998271661934
685,686,Treatment,98.65395569348406,103.9408490999808,5.286893406496731
686,687,Treatment,92.64856122225606,106.19188238893881,13.543321166682745
687,688,Control,104.48142859072281,107.89267684935808,3.4112482586352684
688,689,Treatment,110.63289350412205,109.9339321917383,-0.6989613123837586
689,690,Control,85.75024615114532,98.3743939538393,12.624147802693983
690,691,Control,93.50731803470778,103.16291258864194,9.655594553934165
691,692,Control,102.7828230195419,86.69669077931755,-16.086132240224345
692,693,Treatment,102.86657994300928,103.05533070165816,0.18875075864887947
693,694,Control,99.3190447307245,110.37640889170771,11.057364160983212
694,695,Control,104.79220514540266,88.39573394279782,-16.396471202604843
695,696,Treatment,96.12507422174836,101.33008305828665,5.205008836538283
696,697,Control,97.01613808870202,95.2927483928872,-1.7233896958148165
697,698,Treatment,100.95574038760658,104.08997674484927,3.134236357242685
698,699,Control,94.0396870191043,100.40430531689417,6.36461829778986
699,700,Control,94.95505089081855,97.42113956718123,2.4660886763626735
700,701,Treatment,105.5873350518577,100.20895075687937,-5.378384294978332
701,702,Control,104.28733420422093,100.2907789428615,-3.9965552613594326
702,703,Control,102.42046142569912,93.52836396968783,-8.892097456011285
703,704,Control,99.84641484316317,97.61469246691071,-2.2317223762524634
704,705,Control,95.27169054295817,100.76518905780901,5.493498514850842
705,706,Treatment,92.680141443773,102.70483295267607,10.024691508903075
706,707,Control,93.15760665092634,98.05048192056022,4.892875269633876
707,708,Treatment,92.71307745439938,101.35026620328281,8.637188748883432
708,709,Control,92.57300285453624,97.96210159701708,5.38909874248084
709,710,Treatment,106.8766426850145,104.71793655476893,-2.1587061302455766
710,711,Treatment,106.36867144382283,102.60271466091709,-3.7659567829057465
711,712,Treatment,96.42095033633922,104.85762194877869,8.436671612439469
712,713,Control,97.71666622443259,107.52373306615623,9.807066841723639
713,714,Control,94.62110389066902,104.62429339252428,10.00318950185526
714,715,Control,98.57650309181548,98.41758546203035,-0.15891762978513668
715,716,Treatment,95.27278476310866,103.14288225929916,7.870097496190496
716,717,Treatment,110.63744293981802,106.03754202351345,-4.599900916304563
717,718,Treatment,107.14583945939405,98.76973894673067,-8.376100512663385
718,719,Control,92.06633684087168,101.88814299160835,9.821806150736663
719,720,Treatment,107.44929516516724,105.5466963750221,-1.9025987901451487
720,721,Treatment,95.61128960786081,101.3919263519339,5.780636744073092
721,722,Control,89.09854709065453,95.81308593640833,6.714538845753793
722,723,Control,98.72800633747526,103.58757981139722,4.859573473921955
723,724,Treatment,99.79979290498758,106.89359359999855,7.0938006950109695
724,725,Treatment,99.94292326296768,99.02776729874982,-0.9151559642178597
725,726,Treatment,100.61556237866242,105.17694108345907,4.5613787047966525
726,727,Control,99.6785630794593,100.94414398439184,1.2655809049325484
727,728,Treatment,96.76001725545055,105.4608070924731,8.700789837022555
728,729,Control,85.01779617047683,93.30647522039303,8.288679049916198
729,730,Control,97.2517548477949,91.54002264690139,-5.711732200893508
730,731,Control,111.3649728996135,91.62258590279863,-19.742386996814872
731,732,Treatment,100.22104932421553,104.15864099862559,3.937591674410058
732,733,Treatment,97.79739171190508,99.56067978317199,1.7632880712669134
733,734,Treatment,102.36034779955132,99.13748626926227,-3.2228615302890518
734,735,Control,100.54817371053932,100.37546493063817,-0.17270877990114286
735,736,Treatment,115.76423296027542,102.66493343972243,-13.09929952055299
736,737,Control,100.39212647540927,99.25471702343616,-1.137409451973113
737,738,Treatment,102.07631780853087,103.75695169977367,1.6806338912427918
738,739,Control,97.04361449011478,106.47788284473503,9.434268354620258
739,740,Control,108.92364480796633,92.72299736067495,-16.200647447291374
740,741,Control,100.23728080004483,95.73102283442437,-4.506257965620463
741,742,Control,99.39385826875812,101.9880542176571,2.594195948898971
742,743,Treatment,98.60824629066853,101.52439739555237,2.9161511048838378
743,744,Treatment,97.33431283027133,102.79415708054842,5.4598442502770865
744,745,Control,95.3074217655707,112.40361169547043,17.096189929899737
745,746,Treatment,101.01240924546872,107.96845261672331,6.956043371254594
746,747,Control,95.31841450002261,95.62182521073119,0.30341071070857595
747,748,Treatment,101.1576067609387,109.13415894006349,7.976552179124781
748,749,Treatment,97.23758244115588,103.59480181255537,6.357219371399495
749,750,Treatment,112.01825102892016,102.41322881387948,-9.605022215040677
750,751,Control,99.55036280792226,91.68583928689961,-7.864523521022647
751,752,Treatment,96.70693172218249,103.04983328221108,6.342901560028594
752,753,Treatment,97.19631365902961,106.94647302754156,9.750159368511945
753,754,Control,98.99375917254437,100.0004691268056,1.0067099542612254
754,755,Control,104.36018967735602,104.45756837785476,0.0973787004987372
755,756,Treatment,95.43898277415987,97.44550913172893,2.006526357569058
756,757,Treatment,107.25477114747096,102.4850070487386,-4.769764098732367
757,758,Treatment,97.67709188350202,106.45541202078398,8.778320137281966
758,759,Treatment,96.15718462908677,107.46896854037304,11.31178391128627
759,760,Treatment,101.83853311562063,108.62312307239206,6.784589956771427
760,761,Control,102.24690797202182,101.84272920033685,-0.4041787716849683
761,762,Control,86.98674015633925,100.04850383533676,13.061763678997508
762,763,Control,95.88259139149682,99.18257829334163,3.299986901844818
763,764,Treatment,99.74845855202814,111.13571854270633,11.387259990678189
764,765,Control,96.9534858299336,106.84910542671355,9.895619596779952
765,766,Treatment,94.89415636505308,100.61276133671679,5.718604971663709
766,767,Treatment,98.71136414219717,102.90088507051284,4.189520928315673
767,768,Treatment,108.49131874779853,101.48148278564922,-7.00983596214931
768,769,Control,85.4542523225638,97.10321643000056,11.648964107436754
769,770,Treatment,101.01752957272251,107.9902045896491,6.972675016926587
770,771,Control,107.69575903745847,94.31748783833726,-13.378271199121215
771,772,Treatment,97.6339044257099,106.60059301581336,8.966688590103459
772,773,Control,105.80125070926306,107.04390371218726,1.2426530029242002
773,774,Control,100.77531043128906,100.74784742221411,-0.027463009074949696
774,775,Treatment,100.02191659233127,103.01605863307483,2.9941420407435686
775,776,Control,109.90316019293218,103.42115660694549,-6.482003585986689
776,777,Control,96.44522729363214,98.95511616257832,2.5098888689461774
777,778,Treatment,96.8794967087675,102.02594358304225,5.146446874274744
778,779,Treatment,89.28942490611841,102.8410384733832,13.55161356726478
779,780,Treatment,115.40940436249245,106.24128016042161,-9.168124202070842
780,781,Treatment,106.8267791709191,108.69285470174245,1.8660755308233519
781,782,Treatment,98.48590668383449,106.90092968394818,8.415023000113692
782,783,Control,105.40264977420381,109.26668634912521,3.8640365749214
783,784,Control,97.65232468313026,103.23136944591087,5.579044762780612
784,785,Control,99.7724972577324,101.16661955350219,1.3941222957697903
785,786,Treatment,92.54781007816915,102.09237464962963,9.544564571460484
786,787,Treatment,94.76191419840335,106.46500890277449,11.70309470437114
787,788,Control,94.9861885555789,96.17193523477478,1.1857466791958728
788,789,Control,102.33142427535833,90.44227404874388,-11.889150226614447
789,790,Treatment,98.35876198446657,101.80102704010658,3.442265055640007
790,791,Control,97.79919540242597,94.37604356187734,-3.423151840548627
791,792,Treatment,99.40173900745425,102.64923582848226,3.247496821028008
792,793,Treatment,101.16310437274277,99.83192016804625,-1.3311842046965126
793,794,Treatment,99.44582484513856,104.93269588856182,5.486871043423264
794,795,Control,102.83891471710167,111.40075408618183,8.561839369080161
795,796,Treatment,99.8978337670629,105.26898649181513,5.371152724752221
796,797,Treatment,105.89963842459152,101.2914526418061,-4.608185782785412
797,798,Treatment,108.17798597272345,105.77518374467925,-2.4028022280441945
798,799,Treatment,101.19069365558019,104.5989173874558,3.4082237318756086
799,800,Treatment,89.6013818400969,105.16712545554067,15.565743615443765
800,801,Treatment,104.78894796067138,101.79726992091062,-2.9916780397607567
801,802,Control,102.64720612461092,114.08353264300335,11.436326518392434
802,803,Treatment,102.77113885741751,99.31501439015223,-3.4561244672652833
803,804,Treatment,103.11134094295528,105.10695737550827,1.9956164325529926
804,805,Control,101.17349702112533,103.1860619804332,2.0125649593078663
805,806,Treatment,103.65979011548738,103.37741963330203,-0.28237048218535676
806,807,Treatment,102.09867705923588,106.12098294531293,4.022305886077049
807,808,Treatment,95.73958642985835,106.08204142043432,10.342454990575973
808,809,Control,96.33496702922858,97.14754580637141,0.8125787771428321
809,810,Control,97.26814654225768,98.52182297154968,1.2536764292919997
810,811,Treatment,97.06135145517612,108.79429969398007,11.732948238803942
811,812,Treatment,97.94740224160772,106.16193890367424,8.214536662066521
812,813,Control,93.8422383805127,108.86300033195889,15.02076195144619
813,814,Treatment,99.23278150441041,101.56127476625514,2.328493261844727
814,815,Treatment,97.17015670008509,106.34477958736389,9.174622887278801
815,816,Treatment,103.10021240617382,103.7051839440896,0.6049715379157732
816,817,Treatment,94.88229452775992,103.80175279964025,8.91945827188033
817,818,Control,109.04814855183285,107.60953662634309,-1.4386119254897665
818,819,Control,93.49671741186287,94.68984826419712,1.1931308523342494
819,820,Control,107.81844032257725,103.49993255142041,-4.318507771156831
820,821,Treatment,99.93715828071228,97.14533946803778,-2.7918188126745065
821,822,Control,96.83394936813616,89.93665249877236,-6.8972968693637995
822,823,Control,98.26111301660342,107.59690332024192,9.335790303638504
823,824,Control,103.55964458318013,94.59191312348929,-8.967731459690839
824,825,Treatment,97.5809315013488,107.30021794328835,9.719286441939545
825,826,Treatment,104.70585694056562,107.0616466947234,2.355789754157769
826,827,Control,98.8244182904661,94.31871661189503,-4.5057016785710715
827,828,Control,108.48225727455562,108.28196642073115,-0.20029085382446965
828,829,Treatment,99.93394694570445,106.00858980096066,6.074642855256215
829,830,Control,96.19993449212237,99.71651121282392,3.5165767207015506
830,831,Control,101.14204058809923,104.55721405878849,3.415173470689254
831,832,Control,99.19853531260956,95.11725031787324,-4.081284994736322
832,833,Control,94.23098570353861,105.7334419643317,11.502456260793096
833,834,Control,99.83608323318101,102.13827370619452,2.3021904730135105
834,835,Control,100.51907520418081,89.4330568625472,-11.086018341633604
835,836,Control,105.62978900880265,103.81099160259559,-1.8187974062070538
836,837,Treatment,98.38351223685143,105.51513757886619,7.1316253420147575
837,838,Control,96.39859578244045,97.40713704955758,1.008541267117124
838,839,Treatment,104.21761295636277,105.32388723091742,1.10627427455465
839,840,Treatment,102.4201130291436,101.87041185796652,-0.5497011711770767
840,841,Control,100.59978141606393,90.89588081539935,-9.703900600664582
841,842,Treatment,100.8478943893862,105.35230236440984,4.504407975023639
842,843,Control,90.61767838870094,94.50110803712724,3.8834296484263007
843,844,Treatment,95.75372206451448,105.10644183765316,9.352719773138688
844,845,Control,98.95035268435026,100.25036721673737,1.3000145323871095
845,846,Control,97.68917848803048,99.6610913334176,1.9719128453871235
846,847,Control,104.06871571374423,94.41797560337702,-9.65074011036721
847,848,Treatment,97.52685128750541,105.50403309656261,7.9771818090572
848,849,Treatment,100.0328455583672,99.21681622147369,-0.8160293368935072
849,850,Treatment,93.45651611079218,104.78473658538167,11.328220474589486
850,851,Control,98.22208487958596,98.9603387507966,0.738253871210631
851,852,Treatment,104.47140888822912,105.19067372271925,0.7192648344901329
852,853,Control,97.38020732329583,95.54042164900173,-1.8397856742941059
853,854,Treatment,96.72742732890552,101.5780464442401,4.850619115334581
854,855,Control,100.76927184765775,98.5218967613537,-2.2473750863040465
855,856,Control,95.02470462438397,101.30060431208031,6.275899687696338
856,857,Control,97.91911160479472,105.87989179508693,7.960780190292212
857,858,Control,98.71115696447828,104.59511831017691,5.883961345698637
858,859,Treatment,86.23770941319836,99.51117015909104,13.273460745892677
859,860,Control,88.69864547449549,94.35367380452814,5.65502833003265
860,861,Treatment,96.82385000280195,104.11399390264144,7.290143899839492
861,862,Control,101.2733745362111,97.3877563215052,-3.8856182147059
862,863,Treatment,88.54707643743794,102.20385430729775,13.656777869859809
863,864,Control,100.41060074412363,89.04045932082671,-11.370141423296914
864,865,Control,102.7334544397477,107.26136177057974,4.527907330832036
865,866,Treatment,98.14657485618531,105.83160429387877,7.6850294376934585
866,867,Control,95.9293714057524,101.38993737229279,5.460565966540386
867,868,Control,101.09590716562185,92.8348328703526,-8.261074295269253
868,869,Treatment,98.11273750187516,102.91279196868982,4.800054466814657
869,870,Treatment,102.80519922464505,106.35806182865012,3.552862604005071
870,871,Control,109.76297507694412,92.90968595528722,-16.8532891216569
871,872,Control,96.69919472578668,103.84669266034818,7.1474979345615
872,873,Treatment,100.91609818231245,104.61786598000938,3.701767797696931
873,874,Control,97.12994371786985,92.10766869901325,-5.022275018856604
874,875,Control,104.99139134258773,100.17499426607588,-4.816397076511848
875,876,Control,91.54108569633162,95.03320580133096,3.492120104999344
876,877,Treatment,106.51263114428926,105.64998162809047,-0.8626495161987862
877,878,Treatment,101.75325796810117,102.50121335325211,0.7479553851509451
878,879,Control,114.65594797749513,98.68359150376145,-15.972356473733683
879,880,Control,100.63913768244613,99.16858150873408,-1.4705561737120547
880,881,Control,107.36697118313221,91.84747967477307,-15.519491508359138
881,882,Treatment,107.40759640546193,106.54075594013366,-0.8668404653282664
882,883,Control,98.5642509213969,92.2412741511806,-6.3229767702163
883,884,Control,105.69978557228464,104.35558349568164,-1.344202076602997
884,885,Treatment,99.31272466736488,106.54186176418008,7.229137096815208
885,886,Control,103.81945580647607,105.30406001120984,1.4846042047337704
886,887,Treatment,103.25269931823634,100.2935816663292,-2.9591176519071354
887,888,Control,98.77997052263477,95.71618804416622,-3.0637824784685534
888,889,Control,105.10657429563602,104.60894368362383,-0.4976306120121876
889,890,Control,100.94744607186874,99.70329179429613,-1.2441542775726049
890,891,Treatment,96.1989021357904,100.07084188320258,3.8719397474121706
891,892,Treatment,95.43433047595713,106.57000425510277,11.135673779145648
892,893,Treatment,96.7236831469253,106.60640759013856,9.882724443213263
893,894,Control,103.96743711327306,104.18537955965849,0.21794244638542182
894,895,Treatment,101.46162396915977,106.47858720298514,5.016963233825365
895,896,Control,101.92311889735015,98.50242009521642,-3.420698802133728
896,897,Control,96.27205734982253,99.34197793971529,3.06992058989276
897,898,Treatment,112.31942307275304,106.1530250064684,-6.166398066284643
898,899,Control,101.56330466253658,92.40634858530105,-9.156956077235535
899,900,Control,94.47701741139403,100.93798510071936,6.460967689325329
900,901,Control,100.36682418787439,107.71439433158419,7.347570143709802
901,902,Control,99.42326582381085,101.77408321336566,2.3508173895548055
902,903,Control,97.78997110645541,97.32738258414214,-0.4625885223132684
903,904,Treatment,103.74022789312536,104.18532879058709,0.4451008974617281
904,905,Control,100.36896294753039,107.2825169884585,6.913554040928105
905,906,Treatment,94.52124420489784,101.77296314182061,7.251718936922771
906,907,Treatment,94.99390861086553,105.56687355200788,10.572964941142345
907,908,Control,98.41827646433649,96.11946249467158,-2.2988139696649057
908,909,Control,97.70433407904106,96.7111521927396,-0.993181886301457
909,910,Control,96.60916531592706,101.6354912356971,5.026325919770045
910,911,Treatment,100.06536150625121,106.16399518505136,6.098633678800155
911,912,Control,98.57441284054178,104.23656071758573,5.6621478770439495
912,913,Treatment,99.11105118600213,99.99936339570918,0.8883122097070526
913,914,Control,103.35293772886794,99.20834929895298,-4.144588429914961
914,915,Treatment,110.66132420129676,104.5631379354492,-6.098186265847559
915,916,Control,94.35498534917713,98.33417012014095,3.979184770963826
916,917,Control,99.78503321639079,101.73466276246633,1.949629546075542
917,918,Treatment,93.35582754542887,107.05635023747872,13.700522692049859
918,919,Treatment,100.83012820444108,105.67425211439777,4.844123909956693
919,920,Control,99.00403018675053,103.1304237244606,4.126393537710072
920,921,Treatment,103.15767540531378,105.7536356878037,2.595960282489912
921,922,Control,101.197239950958,105.01340091070377,3.8161609597457726
922,923,Treatment,99.51635637803733,107.46898456253737,7.952628184500043
923,924,Treatment,94.21656610101948,103.71210250210149,9.495536401082006
924,925,Control,101.29973449273388,96.24169758010031,-5.058036912633568
925,926,Control,102.55840202398963,102.19499395792076,-0.363408066068871
926,927,Control,96.88587590973198,102.51397015005375,5.628094240321772
927,928,Treatment,103.34123407714242,104.87116689751292,1.5299328203705045
928,929,Treatment,111.35339795735267,104.92121224564508,-6.432185711707589
929,930,Control,98.4396914931638,104.30387372267305,5.86418222950924
930,931,Control,102.47410594495143,106.6434580388553,4.169352093903868
931,932,Treatment,104.56007647953788,104.42951073104109,-0.13056574849679237
932,933,Treatment,95.77713400332937,102.6906862193924,6.913552216063039
933,934,Treatment,101.52463778511056,103.01031643033791,1.4856786452273525
934,935,Control,92.860210066117,109.14121706807441,16.281007001957406
935,936,Control,93.84729955012827,108.60890301757604,14.76160346744777
936,937,Control,100.01273527082489,99.07350978188097,-0.9392254889439187
937,938,Treatment,95.17314063526594,102.06654501169602,6.893404376430084
938,939,Control,106.09781383932975,100.23221978738962,-5.865594051940121
939,940,Treatment,100.1205521744603,105.0518596557655,4.931307481305197
940,941,Control,96.1298586913866,97.4753691615434,1.3455104701567961
941,942,Treatment,96.25811337245106,106.33574517904071,10.07763180658965
942,943,Treatment,98.02223472432759,104.5659551682729,6.543720443945304
943,944,Treatment,105.75776845562719,105.58895498861902,-0.1688134670081638
944,945,Control,104.29280505186814,100.6305145299833,-3.6622905218848416
945,946,Control,102.60848304684916,103.46023139203105,0.851748345181889
946,947,Control,100.22809799733272,94.56205859792071,-5.666039399412014
947,948,Treatment,97.9455809764406,103.38191227546346,5.436331299022868
948,949,Treatment,97.3587443863879,106.24770667927388,8.888962292885978
949,950,Treatment,109.07104230733185,104.0766284733832,-4.994413833948656
950,951,Treatment,106.5231304611212,104.7686043114453,-1.7545261496758968
951,952,Treatment,109.24225990029143,103.11058723260467,-6.1316726676867574
952,953,Control,95.56104810947707,94.6065044227697,-0.9545436867073676
953,954,Treatment,113.18357511195597,108.2713073319284,-4.912267780027577
954,955,Control,99.97953263220897,100.54524752683753,0.565714894628556
955,956,Control,97.9812967474672,96.78867691911229,-1.192619828354907
956,957,Treatment,90.51791470388054,105.9239336329731,15.406018929092568
957,958,Control,95.52230581707548,98.30861999604,2.786314178964517
958,959,Control,102.15562548278179,105.85431101536338,3.6986855325815924
959,960,Treatment,97.97589073040358,106.48127313009255,8.505382399688969
960,961,Control,105.52243407706305,105.19407574569547,-0.32835833136758197
961,962,Treatment,93.74614812835098,106.14420445999217,12.398056331641186
962,963,Control,97.67049789552672,97.36690422594657,-0.30359366958015244
963,964,Control,99.12357489914963,96.61933574012895,-2.5042391590206847
964,965,Control,104.12744486107674,101.44628079134125,-2.6811640697354875
965,966,Control,104.30227289548039,105.62289015837389,1.3206172628935064
966,967,Treatment,95.02322316157469,101.77692455308203,6.7537013915073345
967,968,Control,100.35764469873524,107.86785649282517,7.510211794089926
968,969,Treatment,96.61616199168603,106.08263894789795,9.46647695621192
969,970,Control,96.88694127028853,99.74882827252245,2.861887002233914
970,971,Treatment,98.2961025701624,106.33193942728658,8.035836857124181
971,972,Treatment,101.14967513573089,101.7480776923305,0.5984025565996092
972,973,Treatment,101.15396480164627,105.40177895970267,4.2478141580564
973,974,Control,102.25744677959565,97.76453985322838,-4.492906926367269
974,975,Control,91.12815234797793,94.19970222056148,3.071549872583546
975,976,Control,100.67053975340933,104.37060112566112,3.7000613722517954
976,977,Treatment,104.64109490658856,102.30252095078636,-2.338573955802204
977,978,Control,94.61012533223149,99.96616952747647,5.356044195244976
978,979,Control,101.77391428355834,99.35642392399757,-2.417490359560773
979,980,Treatment,92.77173044475293,102.68333785809475,9.911607413341812
980,981,Control,98.57033665655902,100.34033615338701,1.7699994968279924
981,982,Treatment,99.98748188359204,103.51212428943377,3.524642405841732
982,983,Control,102.99956316294288,98.2839813751497,-4.715581787793184
983,984,Control,98.77459761529215,105.77565083265839,7.001053217366234
984,985,Treatment,94.02544176714073,95.82385227527537,1.798410508134637
985,986,Control,88.38782596673386,103.2238696058671,14.836043639133237
986,987,Treatment,103.821421075229,102.71935901989677,-1.102062055332226
987,988,Control,93.83980197843111,100.4551242851551,6.615322306723982
988,989,Control,103.67081175472333,96.87940896011807,-6.791402794605261
989,990,Treatment,98.14055808251035,105.50025119517238,7.359693112662029
990,991,Treatment,98.3442253497713,99.85404041139397,1.5098150616226604
991,992,Treatment,101.29721113982787,107.65095964850134,6.353748508673476
992,993,Control,104.50806690935715,107.81082478440119,3.302757875044037
993,994,Treatment,102.07530765072815,112.3581354673817,10.282827816653551
994,995,Control,99.0020957255348,95.56070588967387,-3.4413898358609316
995,996,Control,100.86932849051944,106.31434314024173,5.445014649722296
996,997,Treatment,94.27250390908573,103.63607336558348,9.363569456497757
997,998,Control,100.94650964456027,100.13204596913849,-0.8144636754217771
998,999,Treatment,108.9446233028699,107.35891267793257,-1.5857106249373345
999,1000,Control,97.16910464320529,94.83465243995443,-2.334452203250862
